{
  "properties": {
    "connectionReferences": {},
    "definition": {
      "$schema": "https://schema.management.azure.com/providers/Microsoft.Logic/schemas/2016-06-01/workflowdefinition.json#",
      "contentVersion": "1.0.0.0",
      "parameters": {
        "$authentication": {
          "defaultValue": {},
          "type": "SecureObject"
        }
      },
      "triggers": {
        "Recurrence": {
          "recurrence": {
            "frequency": "Day",
            "interval": 1
          },
          "metadata": {
            "operationMetadataId": "3b846e30-cd80-4bd7-89a0-0ac909d02efd"
          },
          "type": "Recurrence"
        }
      },
      "actions": {
        "HTTP": {
          "runAfter": {},
          "metadata": {
            "operationMetadataId": "658ba238-216a-4bf9-a3b7-25330153477f"
          },
          "type": "Http",
          "inputs": {
            "method": "GET",
            "uri": "https://api.bap.microsoft.com/providers/Microsoft.BusinessAppPlatform/scopes/admin/environments?api-version=2020-10-01&$expand=properties.capacity,properties.addons",
            "authentication": {
              "type": "ActiveDirectoryOAuth",
              "tenant": "YOUR_TENANT_ID",
              "audience": "https://api.bap.microsoft.com/",
              "clientId": "YOUR_APP_ID",
              "secret": "YOUR_SECRET_ID"
            }
          }
        },
        "contentObject": {
          "runAfter": {
            "HTTP": [
              "Succeeded"
            ]
          },
          "metadata": {
            "operationMetadataId": "85cd0132-6e60-4178-bbea-2b3f95a40416"
          },
          "type": "ParseJson",
          "inputs": {
            "content": "@body('HTTP')",
            "schema": {
              "type": "object",
              "properties": {
                "value": {
                  "type": "array",
                  "items": {
                    "type": "object",
                    "properties": {
                      "id": {
                        "type": "string"
                      },
                      "type": {
                        "type": "string"
                      },
                      "location": {
                        "type": "string"
                      },
                      "name": {
                        "type": "string"
                      },
                      "properties": {
                        "type": "object",
                        "properties": {
                          "tenantId": {
                            "type": "string"
                          },
                          "azureRegion": {
                            "type": "string"
                          },
                          "displayName": {
                            "type": "string"
                          },
                          "createdTime": {
                            "type": "string"
                          },
                          "createdBy": {
                            "type": "object",
                            "properties": {
                              "id": {
                                "type": "string"
                              },
                              "displayName": {
                                "type": "string"
                              },
                              "email": {
                                "type": "string"
                              },
                              "type": {
                                "type": "string"
                              },
                              "tenantId": {
                                "type": "string"
                              },
                              "userPrincipalName": {
                                "type": "string"
                              }
                            }
                          },
                          "lastModifiedTime": {
                            "type": "string"
                          },
                          "provisioningState": {
                            "type": "string"
                          },
                          "creationType": {
                            "type": "string"
                          },
                          "environmentSku": {
                            "type": "string"
                          },
                          "isDefault": {
                            "type": "boolean"
                          },
                          "capacity": {
                            "type": "array",
                            "items": {
                              "type": "object",
                              "properties": {
                                "capacityType": {
                                  "type": "string"
                                },
                                "actualConsumption": {
                                  "type": "number"
                                },
                                "ratedConsumption": {
                                  "type": "number"
                                },
                                "capacityUnit": {
                                  "type": "string"
                                },
                                "updatedOn": {
                                  "type": "string"
                                }
                              },
                              "required": [
                                "capacityType",
                                "actualConsumption",
                                "ratedConsumption",
                                "capacityUnit",
                                "updatedOn"
                              ]
                            }
                          },
                          "addons": {
                            "type": "array"
                          },
                          "clientUris": {
                            "type": "object",
                            "properties": {
                              "admin": {
                                "type": "string"
                              },
                              "maker": {
                                "type": "string"
                              }
                            }
                          },
                          "runtimeEndpoints": {
                            "type": "object",
                            "properties": {
                              "microsoft.BusinessAppPlatform": {
                                "type": "string"
                              },
                              "microsoft.CommonDataModel": {
                                "type": "string"
                              },
                              "microsoft.PowerApps": {
                                "type": "string"
                              },
                              "microsoft.PowerAppsAdvisor": {
                                "type": "string"
                              },
                              "microsoft.PowerVirtualAgents": {
                                "type": "string"
                              },
                              "microsoft.ApiManagement": {
                                "type": "string"
                              },
                              "microsoft.Flow": {
                                "type": "string"
                              }
                            }
                          },
                          "databaseType": {
                            "type": "string"
                          },
                          "linkedEnvironmentMetadata": {
                            "type": "object",
                            "properties": {
                              "resourceId": {
                                "type": "string"
                              },
                              "friendlyName": {
                                "type": "string"
                              },
                              "uniqueName": {
                                "type": "string"
                              },
                              "domainName": {
                                "type": "string"
                              },
                              "version": {
                                "type": "string"
                              },
                              "instanceUrl": {
                                "type": "string"
                              },
                              "instanceApiUrl": {
                                "type": "string"
                              },
                              "baseLanguage": {
                                "type": "integer"
                              },
                              "instanceState": {
                                "type": "string"
                              },
                              "createdTime": {
                                "type": "string"
                              },
                              "backgroundOperationsState": {
                                "type": "string"
                              },
                              "scaleGroup": {
                                "type": "string"
                              },
                              "platformSku": {
                                "type": "string"
                              },
                              "schemaType": {
                                "type": "string"
                              }
                            }
                          },
                          "trialScenarioType": {
                            "type": "string"
                          },
                          "notificationMetadata": {
                            "type": "object",
                            "properties": {
                              "state": {
                                "type": "string"
                              },
                              "branding": {
                                "type": "string"
                              }
                            }
                          },
                          "retentionPeriod": {
                            "type": "string"
                          },
                          "states": {
                            "type": "object",
                            "properties": {
                              "management": {
                                "type": "object",
                                "properties": {
                                  "id": {
                                    "type": "string"
                                  }
                                }
                              },
                              "runtime": {
                                "type": "object",
                                "properties": {
                                  "runtimeReasonCode": {
                                    "type": "string"
                                  },
                                  "requestedBy": {
                                    "type": "object",
                                    "properties": {
                                      "displayName": {
                                        "type": "string"
                                      },
                                      "type": {
                                        "type": "string"
                                      }
                                    }
                                  },
                                  "id": {
                                    "type": "string"
                                  }
                                }
                              }
                            }
                          },
                          "updateCadence": {
                            "type": "object",
                            "properties": {
                              "id": {
                                "type": "string"
                              }
                            }
                          },
                          "retentionDetails": {
                            "type": "object",
                            "properties": {
                              "retentionPeriod": {
                                "type": "string"
                              },
                              "backupsAvailableFromDateTime": {
                                "type": "string"
                              }
                            }
                          },
                          "protectionStatus": {
                            "type": "object",
                            "properties": {
                              "keyManagedBy": {
                                "type": "string"
                              }
                            }
                          },
                          "cluster": {
                            "type": "object",
                            "properties": {
                              "category": {
                                "type": "string"
                              },
                              "number": {
                                "type": "string"
                              },
                              "uriSuffix": {
                                "type": "string"
                              },
                              "geoShortName": {
                                "type": "string"
                              },
                              "environment": {
                                "type": "string"
                              }
                            }
                          },
                          "connectedGroups": {
                            "type": "array"
                          },
                          "lifecycleOperationsEnforcement": {
                            "type": "object",
                            "properties": {
                              "allowedOperations": {
                                "type": "array",
                                "items": {
                                  "type": "object",
                                  "properties": {
                                    "type": {
                                      "type": "object",
                                      "properties": {
                                        "id": {
                                          "type": "string"
                                        }
                                      }
                                    }
                                  },
                                  "required": [
                                    "type"
                                  ]
                                }
                              },
                              "disallowedOperations": {
                                "type": "array",
                                "items": {
                                  "type": "object",
                                  "properties": {
                                    "type": {
                                      "type": "object",
                                      "properties": {
                                        "id": {
                                          "type": "string"
                                        }
                                      }
                                    },
                                    "reason": {
                                      "type": "object",
                                      "properties": {
                                        "message": {
                                          "type": "string"
                                        },
                                        "type": {
                                          "type": "string"
                                        }
                                      }
                                    }
                                  },
                                  "required": [
                                    "type",
                                    "reason"
                                  ]
                                }
                              }
                            }
                          },
                          "governanceConfiguration": {
                            "type": "object",
                            "properties": {
                              "protectionLevel": {
                                "type": "string"
                              }
                            }
                          }
                        }
                      }
                    },
                    "required": [
                      "id",
                      "type",
                      "location",
                      "name",
                      "properties"
                    ]
                  }
                }
              }
            }
          }
        },
        "varArray": {
          "runAfter": {
            "contentObject": [
              "Succeeded"
            ]
          },
          "metadata": {
            "operationMetadataId": "20c88df4-7058-414c-8d9e-0a21270eccba"
          },
          "type": "InitializeVariable",
          "inputs": {
            "variables": [
              {
                "name": "varArray",
                "type": "array"
              }
            ]
          }
        },
        "eachEnvironment": {
          "foreach": "@body('contentObject')?['value']",
          "actions": {
            "environmentObject": {
              "runAfter": {},
              "metadata": {
                "operationMetadataId": "1e55fb6c-7b84-4440-94ba-c0af6fe913df"
              },
              "type": "ParseJson",
              "inputs": {
                "content": "@items('eachEnvironment')",
                "schema": {
                  "type": "object",
                  "properties": {
                    "id": {
                      "type": "string"
                    },
                    "type": {
                      "type": "string"
                    },
                    "location": {
                      "type": "string"
                    },
                    "name": {
                      "type": "string"
                    },
                    "properties": {
                      "type": "object",
                      "properties": {
                        "tenantId": {
                          "type": "string"
                        },
                        "azureRegion": {
                          "type": "string"
                        },
                        "displayName": {
                          "type": "string"
                        },
                        "createdTime": {
                          "type": "string"
                        },
                        "createdBy": {
                          "type": "object",
                          "properties": {
                            "id": {
                              "type": "string"
                            },
                            "displayName": {
                              "type": "string"
                            },
                            "email": {
                              "type": "string"
                            },
                            "type": {
                              "type": "string"
                            },
                            "tenantId": {
                              "type": "string"
                            },
                            "userPrincipalName": {
                              "type": "string"
                            }
                          }
                        },
                        "lastModifiedTime": {
                          "type": "string"
                        },
                        "provisioningState": {
                          "type": "string"
                        },
                        "creationType": {
                          "type": "string"
                        },
                        "environmentSku": {
                          "type": "string"
                        },
                        "isDefault": {
                          "type": "boolean"
                        },
                        "capacity": {
                          "type": "array",
                          "items": {
                            "type": "object",
                            "properties": {
                              "capacityType": {
                                "type": "string"
                              },
                              "actualConsumption": {
                                "type": "number"
                              },
                              "ratedConsumption": {
                                "type": "number"
                              },
                              "capacityUnit": {
                                "type": "string"
                              },
                              "updatedOn": {
                                "type": "string"
                              }
                            },
                            "required": [
                              "capacityType",
                              "actualConsumption",
                              "ratedConsumption",
                              "capacityUnit",
                              "updatedOn"
                            ]
                          }
                        },
                        "addons": {
                          "type": "array"
                        },
                        "clientUris": {
                          "type": "object",
                          "properties": {
                            "admin": {
                              "type": "string"
                            },
                            "maker": {
                              "type": "string"
                            }
                          }
                        },
                        "runtimeEndpoints": {
                          "type": "object",
                          "properties": {
                            "microsoft.BusinessAppPlatform": {
                              "type": "string"
                            },
                            "microsoft.CommonDataModel": {
                              "type": "string"
                            },
                            "microsoft.PowerApps": {
                              "type": "string"
                            },
                            "microsoft.PowerAppsAdvisor": {
                              "type": "string"
                            },
                            "microsoft.PowerVirtualAgents": {
                              "type": "string"
                            },
                            "microsoft.ApiManagement": {
                              "type": "string"
                            },
                            "microsoft.Flow": {
                              "type": "string"
                            }
                          }
                        },
                        "databaseType": {
                          "type": "string"
                        },
                        "linkedEnvironmentMetadata": {
                          "type": "object",
                          "properties": {
                            "resourceId": {
                              "type": "string"
                            },
                            "friendlyName": {
                              "type": "string"
                            },
                            "uniqueName": {
                              "type": "string"
                            },
                            "domainName": {
                              "type": "string"
                            },
                            "version": {
                              "type": "string"
                            },
                            "instanceUrl": {
                              "type": "string"
                            },
                            "instanceApiUrl": {
                              "type": "string"
                            },
                            "baseLanguage": {
                              "type": "integer"
                            },
                            "instanceState": {
                              "type": "string"
                            },
                            "createdTime": {
                              "type": "string"
                            },
                            "backgroundOperationsState": {
                              "type": "string"
                            },
                            "scaleGroup": {
                              "type": "string"
                            },
                            "platformSku": {
                              "type": "string"
                            },
                            "schemaType": {
                              "type": "string"
                            }
                          }
                        },
                        "trialScenarioType": {
                          "type": "string"
                        },
                        "notificationMetadata": {
                          "type": "object",
                          "properties": {
                            "state": {
                              "type": "string"
                            },
                            "branding": {
                              "type": "string"
                            }
                          }
                        },
                        "retentionPeriod": {
                          "type": "string"
                        },
                        "states": {
                          "type": "object",
                          "properties": {
                            "management": {
                              "type": "object",
                              "properties": {
                                "id": {
                                  "type": "string"
                                }
                              }
                            },
                            "runtime": {
                              "type": "object",
                              "properties": {
                                "runtimeReasonCode": {
                                  "type": "string"
                                },
                                "requestedBy": {
                                  "type": "object",
                                  "properties": {
                                    "displayName": {
                                      "type": "string"
                                    },
                                    "type": {
                                      "type": "string"
                                    }
                                  }
                                },
                                "id": {
                                  "type": "string"
                                }
                              }
                            }
                          }
                        },
                        "updateCadence": {
                          "type": "object",
                          "properties": {
                            "id": {
                              "type": "string"
                            }
                          }
                        },
                        "retentionDetails": {
                          "type": "object",
                          "properties": {
                            "retentionPeriod": {
                              "type": "string"
                            },
                            "backupsAvailableFromDateTime": {
                              "type": "string"
                            }
                          }
                        },
                        "protectionStatus": {
                          "type": "object",
                          "properties": {
                            "keyManagedBy": {
                              "type": "string"
                            }
                          }
                        },
                        "cluster": {
                          "type": "object",
                          "properties": {
                            "category": {
                              "type": "string"
                            },
                            "number": {
                              "type": "string"
                            },
                            "uriSuffix": {
                              "type": "string"
                            },
                            "geoShortName": {
                              "type": "string"
                            },
                            "environment": {
                              "type": "string"
                            }
                          }
                        },
                        "connectedGroups": {
                          "type": "array"
                        },
                        "lifecycleOperationsEnforcement": {
                          "type": "object",
                          "properties": {
                            "allowedOperations": {
                              "type": "array",
                              "items": {
                                "type": "object",
                                "properties": {
                                  "type": {
                                    "type": "object",
                                    "properties": {
                                      "id": {
                                        "type": "string"
                                      }
                                    }
                                  }
                                },
                                "required": [
                                  "type"
                                ]
                              }
                            },
                            "disallowedOperations": {
                              "type": "array",
                              "items": {
                                "type": "object",
                                "properties": {
                                  "type": {
                                    "type": "object",
                                    "properties": {
                                      "id": {
                                        "type": "string"
                                      }
                                    }
                                  },
                                  "reason": {
                                    "type": "object",
                                    "properties": {
                                      "message": {
                                        "type": "string"
                                      },
                                      "type": {
                                        "type": "string"
                                      }
                                    }
                                  }
                                },
                                "required": [
                                  "type",
                                  "reason"
                                ]
                              }
                            }
                          }
                        },
                        "governanceConfiguration": {
                          "type": "object",
                          "properties": {
                            "protectionLevel": {
                              "type": "string"
                            }
                          }
                        }
                      }
                    }
                  }
                }
              }
            },
            "eachEnvironmentCapacity": {
              "foreach": "@body('environmentObject')?['properties']?['capacity']",
              "actions": {
                "capacityObject": {
                  "runAfter": {},
                  "metadata": {
                    "operationMetadataId": "db52b5f2-6bc7-4506-af65-1ff4e0e37c4f"
                  },
                  "type": "ParseJson",
                  "inputs": {
                    "content": "@items('eachEnvironmentCapacity')",
                    "schema": {
                      "type": "object",
                      "properties": {
                        "capacityType": {
                          "type": "string"
                        },
                        "actualConsumption": {
                          "type": "number"
                        },
                        "ratedConsumption": {
                          "type": "number"
                        },
                        "capacityUnit": {
                          "type": "string"
                        },
                        "updatedOn": {
                          "type": "string"
                        }
                      }
                    }
                  }
                },
                "Switch": {
                  "runAfter": {
                    "capacityObject": [
                      "Succeeded"
                    ]
                  },
                  "cases": {
                    "Case": {
                      "case": "Database",
                      "actions": {
                        "SetCurrentDatabase": {
                          "runAfter": {},
                          "metadata": {
                            "operationMetadataId": "4c63e850-da81-4f03-b9c4-2237958d036a"
                          },
                          "type": "SetVariable",
                          "inputs": {
                            "name": "varCurrentDataverse",
                            "value": "@body('capacityObject')?['ratedConsumption']"
                          }
                        },
                        "Increment_Total_Database": {
                          "runAfter": {
                            "SetCurrentDatabase": [
                              "Succeeded"
                            ]
                          },
                          "metadata": {
                            "operationMetadataId": "b8298aa9-5a85-4c0d-b0f1-3f0e5fe03e0f"
                          },
                          "type": "IncrementVariable",
                          "inputs": {
                            "name": "varTotalDatabase",
                            "value": "@variables('varCurrentDataverse')"
                          }
                        }
                      }
                    },
                    "Case_2": {
                      "case": "File",
                      "actions": {
                        "SetCurrentFile": {
                          "runAfter": {},
                          "metadata": {
                            "operationMetadataId": "f11b2a37-e042-4cbd-bfa3-bb5121d9494c"
                          },
                          "type": "SetVariable",
                          "inputs": {
                            "name": "varCurrentFile",
                            "value": "@body('capacityObject')?['ratedConsumption']"
                          }
                        },
                        "Increment_Total_File": {
                          "runAfter": {
                            "SetCurrentFile": [
                              "Succeeded"
                            ]
                          },
                          "metadata": {
                            "operationMetadataId": "49061029-792b-4f85-8045-d17bf01b71f1"
                          },
                          "type": "IncrementVariable",
                          "inputs": {
                            "name": "varTotalFile",
                            "value": "@variables('varCurrentFile')"
                          }
                        }
                      }
                    },
                    "Case_3": {
                      "case": "Log",
                      "actions": {
                        "SetCurrentLog": {
                          "runAfter": {},
                          "metadata": {
                            "operationMetadataId": "b5f72b43-92ee-467f-88c6-35c6395f98f4"
                          },
                          "type": "SetVariable",
                          "inputs": {
                            "name": "varCurrentLog",
                            "value": "@body('capacityObject')?['ratedConsumption']"
                          }
                        },
                        "Increment_Total_Log": {
                          "runAfter": {
                            "SetCurrentLog": [
                              "Succeeded"
                            ]
                          },
                          "metadata": {
                            "operationMetadataId": "3e58446b-3903-4f63-8792-a16f89c388ac"
                          },
                          "type": "IncrementVariable",
                          "inputs": {
                            "name": "varTotalLog",
                            "value": "@variables('varCurrentLog')"
                          }
                        }
                      }
                    }
                  },
                  "default": {
                    "actions": {}
                  },
                  "expression": "@body('capacityObject')?['capacityType']",
                  "metadata": {
                    "operationMetadataId": "258a689d-ca6d-4f20-9e64-cbaef0c5941b"
                  },
                  "type": "Switch"
                }
              },
              "runAfter": {
                "environmentObject": [
                  "Succeeded"
                ]
              },
              "metadata": {
                "operationMetadataId": "002e6545-8fc7-4344-aa15-d7ee5cfade59"
              },
              "type": "Foreach"
            },
            "Add_Environment_Line": {
              "runAfter": {
                "eachEnvironmentCapacity": [
                  "Succeeded"
                ]
              },
              "metadata": {
                "operationMetadataId": "c24a0260-a1da-4950-ab92-cdaf8a1efbad"
              },
              "type": "AppendToArrayVariable",
              "inputs": {
                "name": "varArray",
                "value": {
                  "EnvironmentName": "@body('environmentObject')?['properties']?['displayName']",
                  "EnvironmentId": "@body('environmentObject')?['name']",
                  "EnvironmentType": "@body('environmentObject')?['properties']?['environmentSku']",
                  "DatabaseConsumption": "@variables('varCurrentDataverse')",
                  "FileConsumption": "@variables('varCurrentFile')",
                  "LogConsumption": "@variables('varCurrentLog')"
                }
              }
            }
          },
          "runAfter": {
            "varTotalFile": [
              "Succeeded"
            ]
          },
          "metadata": {
            "operationMetadataId": "f0cbecc4-0103-4e22-9bc5-d06504f32827"
          },
          "type": "Foreach"
        },
        "varTotalDatabase": {
          "runAfter": {
            "varCurrentLog": [
              "Succeeded"
            ]
          },
          "metadata": {
            "operationMetadataId": "0baf3107-7103-4e1d-a9d0-5f23409002ba"
          },
          "type": "InitializeVariable",
          "inputs": {
            "variables": [
              {
                "name": "varTotalDatabase",
                "type": "float"
              }
            ]
          }
        },
        "varCurrentDatabase": {
          "runAfter": {
            "varArray": [
              "Succeeded"
            ]
          },
          "metadata": {
            "operationMetadataId": "b35c8efb-513e-4153-9ce2-c023371f3e35"
          },
          "type": "InitializeVariable",
          "inputs": {
            "variables": [
              {
                "name": "varCurrentDataverse",
                "type": "float"
              }
            ]
          }
        },
        "varCurrentFile": {
          "runAfter": {
            "varCurrentDatabase": [
              "Succeeded"
            ]
          },
          "metadata": {
            "operationMetadataId": "b27f6f79-af7c-4afd-b15a-a9dbc8f2cfbc"
          },
          "type": "InitializeVariable",
          "inputs": {
            "variables": [
              {
                "name": "varCurrentFile",
                "type": "float"
              }
            ]
          }
        },
        "varCurrentLog": {
          "runAfter": {
            "varCurrentFile": [
              "Succeeded"
            ]
          },
          "metadata": {
            "operationMetadataId": "c78dfab0-5eb3-419d-a55f-4e2c84ef4b95"
          },
          "type": "InitializeVariable",
          "inputs": {
            "variables": [
              {
                "name": "varCurrentLog",
                "type": "float"
              }
            ]
          }
        },
        "varTotalLog": {
          "runAfter": {
            "varTotalDatabase": [
              "Succeeded"
            ]
          },
          "metadata": {
            "operationMetadataId": "127d76ce-e650-4bba-bca9-34801f6db50d"
          },
          "type": "InitializeVariable",
          "inputs": {
            "variables": [
              {
                "name": "varTotalLog",
                "type": "float"
              }
            ]
          }
        },
        "varTotalFile": {
          "runAfter": {
            "varTotalLog": [
              "Succeeded"
            ]
          },
          "metadata": {
            "operationMetadataId": "e014729e-31ae-4508-96e9-8ade7c28ec88"
          },
          "type": "InitializeVariable",
          "inputs": {
            "variables": [
              {
                "name": "varTotalFile",
                "type": "float"
              }
            ]
          }
        },
        "Add_Environment_Line_2": {
          "runAfter": {
            "eachEnvironment": [
              "Succeeded"
            ]
          },
          "metadata": {
            "operationMetadataId": "1ec103be-cd38-4931-9b84-144778c9ed9b"
          },
          "type": "AppendToArrayVariable",
          "inputs": {
            "name": "varArray",
            "value": {
              "EnvironmentName": "",
              "EnvironmentId": "",
              "EnvironmentType": "",
              "DatabaseConsumption": "@variables('varTotalDatabase')",
              "FileConsumption": "@variables('varTotalFile')",
              "LogConsumption": "@variables('varTotalLog')"
            }
          }
        },
        "Create_HTML_table": {
          "runAfter": {
            "Add_Environment_Line_2": [
              "Succeeded"
            ]
          },
          "metadata": {
            "operationMetadataId": "f6f62d1f-1d6b-42f9-bf4a-31e802c12cf6"
          },
          "type": "Table",
          "inputs": {
            "from": "@variables('varArray')",
            "format": "HTML"
          }
        }
      },
      "outputs": {}
    },
    "templateName": ""
  },
  "schemaVersion": "1.0.0.0"
}